Date,prices,market_caps,total_volumes
2014-06-12,0.00422927,201701.0,101457.0
2014-06-13,0.00324716,156222.0,51804.0
2014-06-14,0.00291752,141559.0,16104.0
2014-06-15,0.00262847,128504.0,4113.0
2014-06-16,0.00282447,139161.0,4962.0
2014-06-17,0.0041991,208491.0,33271.0
2014-06-18,0.00619452,309981.0,35641.0
2014-06-19,0.00424723,214260.0,39637.0
2014-06-20,0.00453525,230729.0,24567.0
2014-06-21,0.0033233,170620.0,17342.0
2014-06-22,0.00409016,211807.0,14853.0
2014-06-23,0.00353906,184864.0,9074.0
2014-06-24,0.00394901,207811.0,12757.0
2014-06-25,0.00398312,211296.0,9980.0
2014-06-26,0.003051,163241.0,23061.0
2014-06-27,0.00304903,163158.0,21733.0
2014-06-28,0.00324047,175001.0,6008.0
2014-06-29,0.00281496,152823.0,3150.0
2014-06-30,0.00292861,158998.0,4977.0
2014-07-01,0.00254605,138232.0,5909.0
2014-07-02,0.00250859,136204.0,3948.0
2014-07-03,0.00318087,172710.0,13714.0
2014-07-04,0.003587,194785.0,4141.0
2014-07-05,0.00297803,161704.0,4940.0
2014-07-06,0.00299084,162408.0,4450.0
2014-07-07,0.002914,158266.0,4209.0
2014-07-08,0.00769238,417723.0,58668.0
2014-07-09,0.00476293,258663.0,76265.0
2014-07-10,0.00586475,318515.0,39317.0
2014-07-11,0.00788766,428396.0,60969.0
2014-07-12,0.00855838,464840.0,18184.0
2014-07-13,0.0121324,658985.0,41883.0
2014-07-14,0.00742175,403138.0,90166.0
2014-07-15,0.00450254,244584.0,79587.0
2014-07-16,0.00463369,251718.0,15838.0
2014-07-17,0.00559265,303817.0,17814.0
2014-07-18,0.00525491,299190.0,8592.0
2014-07-19,0.00523542,298122.0,6961.0
2014-07-20,0.00464968,264801.0,5184.0
2014-07-21,0.00441223,251295.0,4185.0
2014-07-22,0.00403346,229738.0,3616.0
2014-07-23,0.00325122,185195.0,7580.0
2014-07-24,0.0021733,123803.0,5566.0
2014-07-25,0.00225204,128297.0,2670.0
2014-07-26,0.00278501,158670.0,1511.0
2014-07-27,0.00287442,163776.0,1206.0
2014-07-28,0.00227461,129610.0,3056.0
2014-07-29,0.00230794,131518.0,651.0
2014-07-30,0.00344841,196522.0,11662.0
2014-07-31,0.00352637,200978.0,2457.0
2014-08-01,0.0030039,171213.0,1702.0
2014-08-02,0.0032985,188019.0,2291.0
2014-08-03,0.00273567,155948.0,456.0
2014-08-04,0.00181042,103211.0,2421.0
2014-08-05,0.00210932,120260.0,1011.0
2014-08-06,0.00215953,123132.0,460.0
2014-08-07,0.00247739,141267.0,2498.0
2014-08-08,0.00343883,196106.0,2256.0
2014-08-09,0.00340403,194137.0,1740.0
2014-08-10,0.00235336,134226.0,1574.0
2014-08-11,0.00201656,115026.0,1300.0
2014-08-12,0.00178512,101832.0,235.0
2014-08-13,0.0017706,101011.0,367.0
2014-08-14,0.00253168,144440.0,2632.0
2014-08-15,0.0018988,108339.0,312.0
2014-08-16,0.00206338,117737.0,666.0
2014-08-17,0.00168164,95961.0,153.0
2014-08-18,0.00193957,110688.0,540.0
2014-08-19,0.00192506,109868.0,536.0
2014-08-20,0.002253,128594.0,361.0
2014-08-21,0.00234803,134027.0,860.0
2014-08-22,0.00208922,119264.0,902.0
2014-08-23,0.0022595,128996.0,678.0
2014-08-24,0.00231055,131921.0,1187.0
2014-08-25,0.00171297,97810.0,2293.0
2014-08-26,0.00204959,117041.0,878.0
2014-08-27,0.00255366,145839.0,7539.0
2014-08-28,0.00186568,106557.0,11241.0
2014-08-29,0.0020085,114723.0,8518.0
2014-08-30,0.00181426,103637.0,1047.0
2014-08-31,0.00147665,84359.0,382.0
2014-09-01,0.00152758,87276.0,551.0
2014-09-02,0.00168378,96210.0,685.0
2014-09-03,0.00148758,85005.0,609.0
2014-09-04,0.0014527,83011.0,907.0
2014-09-05,0.00168819,96468.0,499.0
2014-09-06,0.00145805,83317.0,916.0
2014-09-07,0.00142369,81354.0,382.0
2014-09-08,0.00110186,62963.0,416.0
2014-09-09,0.00177526,101443.0,2941.0
2014-09-10,0.00170523,97442.0,2320.0
2014-09-11,0.00153607,87775.0,1252.0
2014-09-12,0.00160681,91818.0,807.0
2014-09-13,0.00136963,78265.0,535.0
2014-09-14,0.00102575,58614.0,826.0
2014-09-15,0.00112808,64462.0,179.0
2014-09-16,0.00116147,66370.0,401.0
2014-09-17,0.00105032,60018.0,393.0
2014-09-18,0.000940976,53770.0,353.0
2014-09-19,0.00107263,61293.0,397.0
2014-09-20,0.00143001,81715.0,285.0
2014-09-21,0.000977616,55864.0,732.0
2014-09-22,0.00109425,62529.0,471.0
2014-09-23,0.00107907,61661.0,425.0
2014-09-24,0.00130845,74769.0,276.0
2014-09-25,0.00103643,59225.0,162.0
2014-09-26,0.00144391,82509.0,941.0
2014-09-27,0.00142734,81562.0,149.0
2014-09-28,0.00126747,72427.0,460.0
2014-09-29,0.0015886,90777.0,1470.0
2014-09-30,0.00107664,61522.0,800.0
2014-10-02,0.000805482,46028.0,1163.0
2014-10-03,0.000895301,51160.0,192.0
2014-10-04,0.000868256,49615.0,61.0
2014-10-05,0.000622753,35586.0,121.0
2014-10-06,0.000724058,41375.0,129.0
2014-10-07,0.000755095,43148.0,76.0
2014-10-08,0.000802504,45857.0,163.0
2014-10-09,0.000882866,50449.0,36.0
2014-10-10,0.00105955,60546.0,426.0
2014-10-11,0.00107439,61394.0,322.0
2014-10-12,0.00103315,59037.0,203.0
2014-10-13,0.000994553,56832.0,72.0
2014-10-14,0.00099693,56967.0,65.0
2014-10-15,0.00109757,62718.0,392.0
2014-10-16,0.00093555,53460.0,357.0
2014-10-17,0.000845443,48311.0,64.0
2014-10-18,0.000943877,53936.0,265.0
2014-10-19,0.000850084,48576.0,87.0
2014-10-20,0.00082032,46875.0,49.0
2014-10-21,0.000858664,49066.0,174.0
2014-10-22,0.000897358,51532.0,33.0
2014-10-23,0.000811603,46607.0,511.0
2014-10-24,0.000824157,47328.0,238.0
2014-10-25,0.000705742,40541.0,119.0
2014-10-26,0.000774463,44489.0,20.0
2014-10-27,0.000943974,54239.0,165.0
2014-10-28,0.000897319,51564.0,167.0
2014-10-29,0.000772144,44376.0,215.0
2014-10-30,0.00064427,37031.0,282.0
2014-10-31,0.000559881,32184.0,31.0
2014-11-01,0.000786298,45205.0,74.0
2014-11-02,0.000840494,48326.0,85.0
2014-11-03,0.000941565,54143.0,173.0
2014-11-04,0.0009649,55490.0,121.0
2014-11-05,0.0012446,71581.0,1141.0
2014-11-06,0.00125448,72155.0,294.0
2014-11-07,0.00137178,78908.0,376.0
2014-11-08,0.00137495,79096.0,564.0
2014-11-09,0.00128673,74027.0,118.0
2014-11-10,0.00134584,77433.0,161.0
2014-11-11,0.00112818,64915.0,191.0
2014-11-12,0.00145006,83442.0,603.0
2014-11-13,0.00148964,85726.0,443.0
2014-11-14,0.00158515,91230.0,157.0
2014-11-15,0.00153069,88103.0,90.0
2014-11-16,0.00113446,65301.0,283.0
2014-11-17,0.00120294,69248.0,312.0
2014-11-18,0.00115972,66765.0,383.0
2014-11-19,0.00137572,79205.0,749.0
2014-11-20,0.00110091,63389.0,263.0
2014-11-21,0.00121036,69697.0,204.0
2014-11-22,0.00113895,65588.0,153.0
2014-11-23,0.00105921,60999.0,610.0
2014-11-24,0.00111368,64139.0,131.0
2014-11-25,0.00122432,70516.0,137.0
2014-11-26,0.00118869,68469.0,8.0
2014-11-27,0.00122395,70505.0,148.0
2014-11-28,0.00122289,70449.0,4.0
2014-11-29,0.00145589,83879.0,81.0
2014-11-30,0.00143508,82686.0,78.0
2014-12-01,0.00144583,83311.0,77.0
2014-12-02,0.00145466,83827.0,78.0
2014-12-03,0.00127118,73259.0,582.0
2014-12-04,0.00114824,66179.0,123.0
2014-12-05,0.00111342,64177.0,483.0
2014-12-06,0.0012626,72781.0,72.0
2014-12-07,0.0011247,64836.0,155.0
2014-12-08,0.00102992,59377.0,90.0
2014-12-09,0.000957637,55213.0,0.0
2014-12-10,0.000980525,56537.0,450.0
2014-12-11,0.000819851,47276.0,189.0
2014-12-13,0.00103533,59710.0,39.0
2014-12-14,0.000899485,51882.0,9.0
2014-12-15,0.000855195,49331.0,61.0
2014-12-16,0.000788197,45471.0,18.0
2014-12-17,0.000709244,40919.0,16.0
2014-12-18,0.0010392,59961.0,15.0
2014-12-19,0.000936479,54040.0,481.0
2014-12-20,0.000937915,54123.0,233.0
2014-12-21,0.00103004,59439.0,1.0
2014-12-22,0.000949312,54781.0,365.0
2014-12-23,0.000884827,51060.0,90.0
2014-12-24,0.00106109,61255.0,415.0
2014-12-25,0.000963995,55655.0,292.0
2014-12-26,0.00102487,59174.0,7.0
2014-12-27,0.00117214,67682.0,67.0
2014-12-28,0.000924364,53379.0,784.0
2014-12-29,0.00103297,59654.0,74.0
2014-12-30,0.000858401,49576.0,287.0
2014-12-31,0.00103127,59564.0,0.0
2015-01-01,0.000967597,55891.0,108.0
2015-01-02,0.000795531,45955.0,280.0
2015-01-03,0.000768522,44398.0,91.0
2015-01-04,0.000737569,42613.0,494.0
2015-01-05,0.00078924,45601.0,5075.0
2015-01-06,0.000821641,47477.0,1662.0
2015-01-07,0.00079033,45671.0,156.0
2015-01-08,0.000907249,52431.0,143.0
2015-01-09,0.00084827,49027.0,185.0
2015-01-10,0.00215009,124278.0,11265.0
2015-01-11,0.00178772,103336.0,1316.0
2015-01-12,0.00237363,137204.0,2942.0
2015-01-13,0.00189902,109770.0,3477.0
2015-01-14,0.00176368,101947.0,1242.0
2015-01-15,0.00220107,127229.0,1498.0
2015-01-16,0.0031515,182167.0,6106.0
2015-01-17,0.00268596,155257.0,2100.0
2015-01-18,0.00356422,206134.0,3133.0
2015-01-19,0.00373676,216113.0,2554.0
2015-01-20,0.00546803,316240.0,9038.0
2015-01-21,0.00614469,355374.0,15584.0
2015-01-22,0.0060732,351239.0,6172.0
2015-01-23,0.00606092,350529.0,3749.0
2015-01-24,0.00485941,281041.0,28117.0
2015-01-25,0.00569656,329457.0,1666.0
2015-01-26,0.00453212,262112.0,9343.0
2015-01-27,0.00663709,383851.0,4803.0
2015-01-28,0.00510489,295238.0,2903.0
2015-01-29,0.0057754,334274.0,3055.0
2015-01-30,0.00577484,334264.0,4325.0
2015-01-31,0.00685582,396860.0,4412.0
2015-02-01,0.00713999,413338.0,11514.0
2015-02-02,0.00568971,329402.0,5289.0
2015-02-03,0.00570907,330546.0,2879.0
2015-02-04,0.00618522,358140.0,3264.0
2015-02-05,0.00627892,363590.0,5490.0
2015-02-06,0.00613583,355330.0,4820.0
2015-02-07,0.00587284,340122.0,1259.0
2015-02-08,0.00573004,331874.0,1371.0
2015-02-09,0.00547154,316924.0,1395.0
2015-02-10,0.00510294,295593.0,1859.0
2015-02-11,0.00586326,339657.0,6063.0
2015-02-12,0.00569223,329761.0,1221.0
2015-02-13,0.0061586,356778.0,4517.0
2015-02-14,0.00760723,440700.0,4922.0
2015-02-15,0.00689035,399170.0,6835.0
2015-02-16,0.0065938,381990.0,3978.0
2015-02-17,0.00789762,457523.0,7324.0
2015-02-18,0.00711186,412176.0,4623.0
2015-02-19,0.00702021,406890.0,7918.0
2015-02-20,0.00638751,370244.0,2422.0
2015-02-21,0.00677493,392702.0,3466.0
2015-02-22,0.00749126,434223.0,1844.0
2015-02-23,0.00645106,374002.0,5488.0
2015-02-24,0.00735469,426417.0,817.0
2015-02-25,0.00715589,414918.0,2786.0
2015-02-26,0.0062407,361876.0,1389.0
2015-02-27,0.0069544,403287.0,837.0
2015-02-28,0.00678375,393419.0,2868.0
2015-03-01,0.00764424,443352.0,2602.0
2015-03-02,0.00784469,455007.0,6120.0
2015-03-03,0.00849572,492795.0,3926.0
2015-03-04,0.00845428,490406.0,2408.0
2015-03-05,0.007585,440011.0,1973.0
2015-03-06,0.00820175,475820.0,1424.0
2015-03-07,0.0121769532955866,706516.6448342925,13692.197395414123
2015-03-08,0.0107574435947095,624162.3358114919,10885.597464648024
2015-03-09,0.0094594439992593,548914.8582772494,15522.424762695742
2015-03-10,0.0108782852276863,631291.2917564046,6736.52864668899
2015-03-11,0.0094167690802529,546486.0343967398,3938.3504901458105
2015-03-12,0.0097721008371696,567170.2113873105,5079.605173657497
2015-03-13,0.008856734075204,514089.9176445517,2925.8771719240062
2015-03-14,0.0085914018985167,498745.1247532426,1398.358841788718
2015-03-15,0.0083221216423103,483142.411402291,3147.989452853244
2015-03-16,0.0081269933391856,471843.1232934023,8988.648352306298
2015-03-17,0.0059809586113395,347268.87108462985,9790.558796901732
2015-03-18,0.0059951605474183,348116.68897683,2782.289904508604
2015-03-19,0.0089769129854582,521289.8577265112,8102.169565288627
2015-03-20,0.0067116203832515,389770.9575831064,5493.872642220395
2015-03-21,0.0061857389681958,359255.53336704726,39047.89886874345
2015-03-22,0.0087063203997886,505684.0623455679,17971.766585541907
2015-03-23,0.0090270620312322,524347.8749915538,37088.23410939415
2015-03-24,0.0069496917498983,403706.4748512253,11294.511737491226
2015-03-25,0.0073919185405572,429423.38807719335,8080.098256721242
2015-03-26,0.007637581144727,443724.2636296425,23610.38405675982
2015-03-27,0.0069436278066877,403436.1422872757,5836.672568908083
2015-03-28,0.0064602662016807,375357.7655692764,6240.60096958983
2015-03-29,0.0048526691624441,281952.3216222996,4757.046925127553
2015-03-30,0.0051039018371171,296549.57388083934,3525.67146640544
2015-03-31,0.0046848623995981,272202.325324489,2526.141388314785
2015-04-01,0.0048645083625472,282743.263628257,680.928798934316
2015-04-02,0.0049299395968589,286567.321828756,1030.257643951492
2015-04-03,0.0051166422381166,297440.4828536432,550.8623923118184
2015-04-04,0.0045563957548988,264890.2363131593,2186.005250545541
2015-04-05,0.004896475242908,284680.11580999894,445.4298545582924
2015-04-06,0.0046530683043811,270547.0961416172,1083.843767974897
2015-04-07,0.0050565894936585,294018.7385144318,7734.009838692471
2015-04-08,0.0049874405316121,290031.51707194874,3757.312674222339
2015-04-09,0.0065171629441591,379016.0775812632,11340.621401898828
2015-04-10,0.0063080670784072,366877.9634804856,20853.72552212357
2015-04-11,0.0059019665659198,343259.10731775395,9057.20815506284
2015-04-12,0.0048496710238288,282057.4681050935,1146.9515505854456
2015-04-13,0.0047056264218888,273712.64264465275,2918.292982612759
2015-04-14,0.0043882307815669,255253.04589202887,1897.3232053415927
2015-04-15,0.0043840759783124,255067.47379572192,7389.410716039159
2015-04-16,0.0045842136751488,266727.4667272045,810.9251198566599
2015-04-17,0.0036117873990691,210161.8761366594,3644.9021968016223
2015-04-18,0.0044529765286065,259125.4014763153,2984.2441781862963
2015-04-19,0.0043358658610906,252314.9998616289,2461.5554096634173
2015-04-20,0.0041517368853371,241627.39168079343,1672.7196220507788
2015-04-21,0.0043410960730744,252664.72357813423,1266.370451603669
2015-04-22,0.0042256689225433,245963.15601829052,1231.3808241836896
2015-04-23,0.0043630940424764,253966.5591674409,3835.321058519726
2015-04-24,0.0043013426781306,250397.6744498713,185.25031042845788
2015-04-25,0.0037419804156783,217855.26337963823,1225.8753245684873
2015-04-26,0.0037083435782716,215911.80782691936,373.5513434162676
2015-04-27,0.0041216047723012,239988.80060332257,4595.862529582568
2015-04-28,0.0041809139601469,243451.21245448184,989.1399759744932
2015-04-29,0.0039543905033192,230282.10403238545,883.9184592615447
2015-04-30,0.0045405995583592,264424.0174718394,466.8290168139092
2015-05-01,0.0044337867980806,258233.15161579972,842.1162480945025
2015-05-02,0.0044726655263097,260508.077793838,356.5382714332446
2015-05-03,0.0043688373889219,254471.7063432345,201.44694866639733
2015-05-04,0.004215441384,245554.48542412973,995.3067645795904
2015-05-05,0.0042649240534936,248448.8943420656,158.6250515584854
2015-05-06,0.0041784568995805,243411.83658507693,398.25563181314567
2015-05-07,0.004375227173852,254874.4925360291,269.653233748206
2015-05-08,0.0044003345404229,256337.0971184658,1392.4368865092033
2015-05-09,0.0041886377067032,244004.90934356363,181.42499688889825
2015-05-10,0.0043262701099541,252022.5476378069,101.20838758036872
2015-05-11,0.0043568519757384,253804.06370837367,132.3987603483584
2015-05-12,0.0043213870407593,251738.0893151699,194.12146434944023
2015-05-13,0.0042001464830586,244675.34162439412,136.3811645118237
2015-05-14,0.0041833400082787,243696.2972089476,491.6358649337975
2015-05-15,0.0039482759133461,230002.87295261672,308.7625931250572
2015-05-16,0.0037814687458468,220285.6878834988,147.92228949412484
2015-05-17,0.0040947194690805,238533.7961412552,163.1810065570978
2015-05-18,0.0046517909984833,270985.44212923234,3013.373116461177
2015-05-19,0.0044502269704868,259243.5308391952,61.032566008007606
2015-05-20,0.0044580474091424,259699.102688278,280.209747345091
2015-05-21,0.0042136590969337,245462.50546009664,819.6792241490268
2015-05-22,0.0041126918585997,239884.4285850189,755.5432315876275
2015-05-23,0.0042225126430868,246306.95300708484,216.2874488226093
2015-05-24,0.0045090212120429,263028.3415790726,84.75940413040964
2015-05-25,0.0042507306069696,247979.78526336863,97.48406062287154
2015-05-26,0.004214670356922,245889.3603383046,138.43499561247174
2015-05-27,0.00450263489,262712.5228379913,259.914675381878
2015-05-28,0.0041871322716584,244315.21539840332,215.9682337653006
2015-05-29,0.0040873027770373,238493.9004130815,3313.1101341187828
2015-05-30,0.0039435129333465,230103.7706545856,357.1199959866235
2015-05-31,0.0036530077382375,213197.6960758361,2832.311210971636
2015-06-01,0.0036909703394375,215432.48613792972,499.8629943344375
2015-06-02,0.0035673566850461,208229.0390760443,96.11644200637906
2015-06-03,0.0036280486261757,211785.473736017,755.0109421109171
2015-06-04,0.0031387983371229,183225.7395872057,1527.5057722447975
2015-06-05,0.0032279528786584,188430.09012390487,351.3998816009043
2015-06-06,0.0032314350424259,188633.3596440036,344.8615367352067
2015-06-07,0.0035624339153461,207955.2487172984,1805.8857451549056
2015-06-08,0.0040173366840355,234509.9640195217,1626.275118849925
2015-06-09,0.0038943369945809,227329.92036944945,995.8849416432504
2015-06-10,0.0044287939233822,258528.5688773613,1501.2752366084069
2015-06-11,0.0040823865170207,238307.21458441927,963.9171874146998
2015-06-12,0.0035480053377829,207112.9879183344,240.0812870341648
2015-06-13,0.0036949453998703,215690.538515496,426.9244706551556
2015-06-14,0.0035635381733627,208019.70921142737,38.13012793611645
2015-06-15,0.0041798941232441,243999.17097879545,751.2056998816072
2015-06-16,0.0041852121760653,244309.6095787542,1437.45930699034
2015-06-17,0.0040866782467997,238557.74210431392,494.2232754610868
2015-06-18,0.0040368666436157,235650.0153716157,691.3840262837415
2015-06-19,0.0043281583789035,252654.020695088,1835.8020576257893
2015-06-20,0.0043060978727146,251366.24998540984,350.16606917668963
2015-06-21,0.0043121845628104,252066.71758015547,901.3209082766869
2015-06-22,0.0042654841255437,249336.8655156362,1083.0029436117943
2015-06-23,0.0043355989088027,253435.3921469786,757.0436222026998
2015-06-24,0.0044108217260127,257832.50649704493,319.6763112487492
2015-06-25,0.0044144455374391,258044.33468715908,416.24951914338953
2015-06-26,0.00431617782,252300.1415483468,596.4184635418068
2015-06-27,0.0038340246814816,224116.1069303836,618.656084671582
2015-06-28,0.0039258483304454,229483.6150816251,429.5649011369024
2015-06-29,0.0043644581987282,255122.34834684705,983.7253238734644
2015-06-30,0.0042402912828683,248078.2075818852,208.5250452719732
2015-07-01,0.0038626539237144,225986.5802496076,300.24753063966995
2015-07-02,0.003498240825808,204703.78779707328,1523.0498147450623
2015-07-03,0.0035092507566766,205361.6946780416,727.4128504800894
2015-07-04,0.0042434387278194,248346.9969393084,5758.692489008446
2015-07-05,0.0049048389836732,287087.30339705094,209.9523288848113
2015-07-06,0.0042807883689457,250580.83155576664,178.3713940771252
2015-07-07,0.0043289918092399,253435.7908544792,156.58495947329166
2015-07-08,0.0048553001134193,284249.5637940447,453.4133494467625
2015-07-09,0.004114643262931,240888.41582082547,2392.494014440349
2015-07-10,0.0038259018088179,224016.2380896721,6287.225823973465
2015-07-11,0.0030440066916924,178234.299223536,1214.5737870129974
2015-07-12,0.0039510014708209,231341.14005229253,458.6627639427827
2015-07-13,0.0036343811354871,212880.12796421105,91.01368365475476
2015-07-14,0.0030567698746916,179048.2626580942,2023.914941547218
2015-07-15,0.0033749159292059,197694.80607641768,465.80475350143416
2015-07-16,0.0030815062196129,180507.5407176116,569.7772768411152
2015-07-17,0.00300462720729,176004.14515121924,370.45828337885865
2015-07-18,0.0025855547889728,151455.8475909034,847.3390228016982
2015-07-19,0.0026171360306593,153305.80402887956,407.6392383732354
2015-07-20,0.002890335398742,169309.19410622385,1251.4030241614091
2015-07-21,0.0031117143650633,182396.4203668427,944.9905767213407
2015-07-22,0.003055148523837,179104.36409419295,539.5939454432877
2015-07-23,0.0035444295618232,207787.86949111192,517.0566569080654
2015-07-24,0.0037008415938539,216957.33451546627,913.39075448793
2015-07-25,0.0033630179162027,197152.83254458223,468.4163418898712
2015-07-26,0.0032140638409699,188420.58116116808,1051.757274668921
2015-07-27,0.0037421958990396,219381.6803287876,758.343295863411
2015-07-28,0.0035376227599846,207388.8290172001,358.3348785108943
2015-07-29,0.003372587211,197713.8208062392,474.4709154994336
2015-07-30,0.0033390442409989,195747.40501172468,293.66077571991354
2015-07-31,0.0031125668305361,182470.44244634896,259.7356612808882
2015-08-01,0.0028859701548266,169186.48810103658,355.75283187009467
2015-08-02,0.0033444600177133,196064.8983306008,563.8035742429187
2015-08-03,0.0030283009612742,177530.45841243264,135.81186210248438
2015-08-04,0.0029962805578501,175653.30123052766,881.020767785061
2015-08-05,0.0028229114511359,165489.7483396113,153.34973576632945
2015-08-06,0.0029182062969758,171076.29270314396,152.52583825019843
2015-08-07,0.0029304686850695,171795.1602818128,1517.299154182962
2015-08-08,0.0026974947962683,158137.3495800639,246.9423725303696
2015-08-09,0.0026638790073374,156166.6648644089,127.3901192270052
2015-08-10,0.002709583896,159147.22046068727,60.79915203640667
2015-08-11,0.0027165975814471,159572.19215327234,785.7452439762549
2015-08-12,0.0022347762052812,131288.10063112885,1474.8570901864025
2015-08-13,0.0023654484286815,138982.74087234266,220.51153268490305
2015-08-14,0.0025562718148619,150206.4756033092,201.03533099869887
2015-08-15,0.0024957907450868,146652.60927390616,71.24197143749944
2015-08-16,0.0022139917708925,130094.10774982467,293.5862130900787
2015-08-17,0.0023303390126574,136989.4938639894,34.83705774999715
2015-08-18,0.0024468080800638,143846.75819735593,73.92375676559126
2015-08-19,0.0021652159392473,127311.50569944968,249.21098382811985
2015-08-20,0.0024741135411332,145490.0439090331,387.5377900587957
2015-08-21,0.0027395367665906,161113.9817746821,724.9701683288802
2015-08-22,0.0025633784117386,150771.48409865217,106.92758301073415
2015-08-23,0.0024067125933145,141573.79731462244,712.1887762935066
2015-08-24,0.0023149091094274,136193.272181128,46.56207795408793
2015-08-25,0.0020314201446547,119533.11058201696,337.40516205830914
2015-08-26,0.0022832479488544,134378.0510235821,290.0366762399929
2015-08-27,0.0022593075888921,132987.0718466913,109.02279680119034
2015-08-28,0.0016386892482847,96467.89084247522,169.4906824937276
2015-08-29,0.0022545786508345,132741.30763917297,205.69914198573773
2015-08-30,0.002095937568,123419.66096044224,150.98404727716326
2015-08-31,0.002215652103,130487.51820629102,6.23285048309954
2015-09-01,0.002269359369,133669.19509516773,115.11344152210305
2015-09-02,0.0022833543410507,134510.77848300728,5.026713865228374
2015-09-03,0.0022567068347543,132959.1503233022,33.08257657900983
2015-09-04,0.0023464083430106,138262.3861416801,160.08788007382677
2015-09-05,0.0025016333218877,147428.4038285121,54.02105007931526
2015-09-06,0.0022344397478767,131700.55559867184,213.34115389266736
2015-09-07,0.002230049263253,131458.0500746747,70.92390744879968
2015-09-08,0.0022225404612867,131030.79969453382,92.28594955144806
2015-09-09,0.002246232117813,132448.89937451013,29.36978373379782
2015-09-10,0.0023241507434321,137062.24405505412,69.07202104201265
2015-09-11,0.0024026817782709,141714.4168211226,30.01987114510816
2015-09-12,0.0021930781194186,129369.46772900393,124.24795890063255
2015-09-13,0.0024014062493281,141675.99262520668,15.939343298452489
2015-09-14,0.0020795737456086,122708.06460248888,139.59818889169463
2015-09-15,0.0021336278660016,125920.53126423236,2.9500229182257267
2015-09-16,0.002197071399639,129690.13450651726,22.7411986168283
2015-09-17,0.0022310942177596,131723.70667948044,153.60210080214105
2015-09-18,0.0020391656543144,120419.46521226125,97.18685966171464
2015-09-19,0.0023469718803467,138620.67641423515,57.87834435824198
2015-09-20,0.0022619187480555,133597.70655257924,7.805678137460264
2015-09-21,0.0021284857623624,125725.43532396608,85.0126039672643
2015-09-22,0.0021166246570431,125039.55716570452,145.0075707636589
2015-09-23,0.0020951841448064,123793.12759815056,38.93894529556927
2015-09-24,0.0021669546145651,128054.23268857172,50.06263104321432
2015-09-25,0.0021005632112892,124136.23419649516,66.47490626497685
2015-09-26,0.002374842176359,140363.9591559872,486.33580915498897
2015-09-27,0.002146794604139,126911.75176805467,143.65169432867347
2015-09-28,0.002389913083825,141290.84177554736,263.97151079440124
2015-09-29,0.002182320703604,129024.95195913264,268.3282327248738
2015-09-30,0.0022765494122314,134596.01884391604,486.42632245967
2015-10-01,0.002142444706463,126667.37059772304,672.2947232634276
2015-10-02,0.0017793987284785,105203.0689526674,227.19220338991275
2015-10-03,0.0019834863988029,117269.30734538764,249.800444188569
2015-10-04,0.0019162329188783,113293.09202468804,431.5538072345372
2015-10-05,0.0018259778793169,107956.95965685789,130.25526595585646
2015-10-06,0.002038487749949,120521.14227395684,101.96802015956597
2015-10-07,0.0019524216708612,115432.6730580079,296.7988845403442
2015-10-08,0.0019607241771605,115923.54063518766,185.92030498293852
2015-10-09,0.0019236991712057,113734.51790964692,85.00991728174476
2015-10-10,0.0018194625053902,107606.77703670575,111.39212111185444
2015-10-11,0.0018243426892699,107895.40120845084,68.96822957407745
2015-10-12,0.0019803532410701,117122.1880277467,435.1658792467325
2015-10-13,0.0019867411011626,117499.97929009896,54.22336769211208
2015-10-14,0.002037541793314,120968.03513971355,22.09216844382836
2015-10-15,0.001872094509556,111165.28836141073,110.51843838101162
2015-10-16,0.0019163895916264,113812.00727276818,123.64950173466644
2015-10-17,0.0020314535829584,120661.58011875456,278.31855632728747
2015-10-18,0.0018204784846887,108141.03144203706,87.45510849940432
2015-10-19,0.0017740016243942,105384.27556087608,180.1839390685332
2015-10-20,0.0015901678514283,94467.4450260596,184.5848058096497
2015-10-21,0.0017777114790124,105613.09588472905,298.7196996346169
2015-10-22,0.0017633638262933,104764.76357080897,1310.631634456217
2015-10-23,0.0018807603244575,111744.65622719878,306.4776275794865
2015-10-24,0.0019138954394106,113718.78466251554,175.3167709422828
2015-10-25,0.001937469396078,115124.9740063884,84.4893468071501
2015-10-26,0.001818152910596,108038.79133625272,33.14732395951894
2015-10-27,0.0018262774591689,108524.91810300831,405.69986514857135
2015-10-28,0.0018642448531347,110784.55498654982,10.221392096037606
2015-10-29,0.0018133835265659,107765.29380396016,13.584536434575206
2015-10-30,0.0020280629482036,120527.4078481611,31.52513949053173
2015-10-31,0.0018724764241514,111285.00011540735,214.2406991768813
2015-11-01,0.0019994534498163,118835.60831124186,135.63555208111464
2015-11-02,0.0022371767770004,132968.4742579828,201.9031537817953
2015-11-03,0.0027544483710124,163719.01796307054,905.1170723601116
2015-11-04,0.0025751680966911,153069.01400905882,1297.207332922869
2015-11-05,0.0024523740784143,145776.5777952701,115.20012960902174
2015-11-06,0.0022527115926359,133913.80126204732,477.3756496612195
2015-11-07,0.0023393317283933,139068.59960752484,289.6124669180402
2015-11-08,0.0022624796715358,134499.90282586138,177.31573064120386
2015-11-09,0.0023089891572951,137275.0485706997,39.864512243198064
2015-11-10,0.0020529864529624,122055.12782307532,141.1299034974207
2015-11-11,0.0019429289614933,115511.93745288832,904.4612195682876
2015-11-12,0.0019205051020983,114178.78349037709,209.287979397004
2015-11-13,0.0019880304775528,118193.33425397729,80.18267104424969
2015-11-14,0.0019237698078558,114372.87833107256,516.4998085088031
2015-11-15,0.0015999365082259,95120.18685682626,310.7060619953967
2015-11-16,0.00147348298822,87602.21199356312,276.39323130851085
2015-11-17,0.0014816775827871,88089.4009303917,321.52492383753173
2015-11-18,0.0015011901950257,89249.47404120526,210.09743521473973
2015-11-19,0.0014521398134436,86333.30740740278,131.81209855052734
2015-11-20,0.001398088832001,83119.8427304117,33.67716638715502
2015-11-21,0.0017162278828486,102033.99701558874,647.9564517256579
2015-11-22,0.0019857452553459,118057.47213556991,101.65258972391396
2015-11-23,0.0023402697666214,139134.8321335896,89.29701930152832
2015-11-24,0.0023115906914846,137506.76607733985,337.5183970296766
2015-11-25,0.0023180256719805,137894.53268679965,257.8111540210414
2015-11-26,0.0017151215532527,102032.4594293738,179.12622945185254
2015-11-27,0.0021434347100898,127517.322800968,272.7617811013178
2015-11-28,0.0020548539590107,122251.36225585296,274.83947327417536
2015-11-29,0.0018974983532648,112893.75177568205,112.44178383266588
2015-11-30,0.0018937881025167,112677.46430334232,296.3336668836378
2015-12-01,0.0017414366915529,103616.54019947116,4.720346276744615
2015-12-02,0.0017329059254222,103112.66632101,7.705385303041561
2015-12-03,0.0020904195080277,124390.20796407672,52.921503296970826
2015-12-04,0.0018572507045224,110519.09822689668,55.04689764243307
2015-12-05,0.0019959688782155,118778.5710465733,31.00230373085052
2015-12-06,0.0018176440889092,108169.75921046808,20.77544531494889
2015-12-07,0.0019566579947656,116445.51303724984,276.66470993669805
2015-12-08,0.0019649182325158,116940.36769062871,320.3292535671431
2015-12-09,0.001675016802042,99687.3737359813,75.89743752147578
2015-12-10,0.0017619138777209,104858.98828289818,43.124266940612834
2015-12-11,0.0018678891995224,111174.39853995752,162.80366640720885
2015-12-12,0.0017160964406656,102140.67869078672,19.73250452776877
2015-12-13,0.0018334970711233,109128.26970811882,15.024126000488833
2015-12-14,0.00199031373,118469.89197137926,7.669843767385497
2015-12-15,0.0017562688269453,104538.78454675502,26.67056355161051
2015-12-16,0.0016807494969984,100043.6304784754,83.24673414060928
2015-12-17,0.002169644150872,129144.216962292,477.4486279863484
2015-12-18,0.0021932274126661,130547.9687602923,3.4507975662273864
2015-12-19,0.001839765001912,109508.74615593876,4.20533425910343
2015-12-20,0.0019042472175597,113346.93558643472,23.421353124169883
2015-12-21,0.0020932249940912,124595.5022989188,128.64635235085387
2015-12-22,0.0018291523757023,108877.04841821826,75.55248610287099
2015-12-23,0.0023275513938616,138543.3653158909,442.7943814581615
2015-12-24,0.0026203574122136,155972.12382760862,565.6147486014956
2015-12-25,0.0027392197040192,163047.19076677004,257.05034370780305
2015-12-26,0.0021373182030759,127220.07229828808,32.73592590367368
2015-12-27,0.0021244850110583,126456.19932235354,309.4349521678358
2015-12-28,0.0021108379885466,125693.91350197866,103.87993804282762
2015-12-29,0.0020730848482729,123448.88370581136,121.50722037013466
2015-12-30,0.001926805851846,114738.20366126248,76.0663519123406
2015-12-31,0.0022092457756897,131557.04893983566,13.011385257032517
2016-01-01,0.0018765426252273,111745.10898754862,165.92470008365677
2016-01-02,0.0021688657559628,129152.48341351235,92.13648153924164
2016-01-03,0.0020335201914096,121092.87173261846,11.717813820253898
2016-01-04,0.0022718712365534,135307.1960862842,115.62172807280814
2016-01-05,0.0024853489999518,148029.34986283965,89.44151305131938
2016-01-06,0.0024224147432358,144280.93581477652,41.0798976496465
2016-01-07,0.0022970317991735,136813.02861389835,90.56518775998292
2016-01-08,0.0018512511381715,110261.98027789524,160.83918992787366
2016-01-09,0.001870782154276,111425.26302658409,232.127334359042
2016-01-10,0.0015118905486205,90049.39546937414,116.3481393785806
2016-01-11,0.0021684659751823,129155.54656998032,129.43031803139877
2016-01-12,0.0017691050920941,105386.9437014435,63.82112800850729
2016-01-13,0.002174864570299,129571.19097426246,78.0554886293093
2016-01-14,0.0024907298174802,148394.00869898972,115.85791474590764
2016-01-15,0.0019217939701956,114497.96335056872,46.941339485513495
2016-01-16,0.0023344563623735,139091.5346282729,19.95959527826626
2016-01-17,0.002007417570363,119605.91553643724,12.782218626925696
2016-01-18,0.0024046016353057,143279.49413838258,147.4854222261125
2016-01-19,0.0024023105450791,143147.364902223,315.3718406553636
2016-01-20,0.002345356519182,139757.70292004515,34.02124186544858
2016-01-21,0.0025289824415529,150704.34483430538,3.396141113273183
2016-01-22,0.0024042657779591,143276.54016170575,63.72422574744018
2016-01-23,0.002481645613258,147889.01227329895,66.6046842301026
2016-01-24,0.0021897682687018,130502.26623303207,143.63949277665563
2016-01-25,0.0023535784909876,140267.86953949166,50.51463127878751
2016-01-26,0.0028600268431242,170454.91714502443,396.94944582919976
2016-01-27,0.002768257311029,164985.539111973,24.04453724186315
2016-01-28,0.0025273504176754,150628.603866112,367.098198871657
2016-01-29,0.0022920416784694,136604.3409003576,58.57887190415269
2016-01-30,0.0023968615856017,142851.54594097348,134.88071158417475
2016-01-31,0.0023355391248581,139196.76321561798,74.72514516701322
2016-02-01,0.0033185621485929,197784.35937872075,735.3098492483624
2016-02-02,0.0031054534982053,185083.2086972916,160.80946009243283
2016-02-03,0.0028627348920767,170617.32200512604,34.44819355387581
2016-02-04,0.0033177183019224,197734.0666116537,5.607242234662135
2016-02-05,0.0030806488279741,183604.864887044,22.71108602985163
2016-02-06,0.0029705910879667,177045.48807643878,11.371837442377531
2016-02-07,0.002959059615391,176358.21906837157,11.954030094742144
2016-02-08,0.0028807354491876,171690.1446606116,10.92819069156142
2016-02-09,0.0029709119985373,177064.61415839207,11.82509431913061
2016-02-10,0.003046239904715,181554.11322443,113.9472414133199
2016-02-11,0.0029221995,174161.377791093,77.66320923088534
2016-02-12,0.0030395881699989,181157.6737332686,212.9339008972184
2016-02-13,0.0025772735490669,153603.99324208993,133.1997478554077
2016-02-14,0.0028957749016454,172586.4872139736,90.71778486992828
2016-02-15,0.0031308495506185,186596.7985390292,119.19235926487715
2016-02-16,0.0027391842838163,163253.77815346557,4.960614152696326
2016-02-17,0.0024959320198027,148756.0857640816,98.53493652264768
2016-02-18,0.0027301526874,162715.50029956654,64.26907924447943
2016-02-19,0.0026948096605203,160609.07660855434,14.028250659086131
2016-02-20,0.0026034240183781,155162.54588886022,1002.8529551815084
2016-02-21,0.0022337688104568,133131.3121147055,623.1667819982973
2016-02-22,0.002443789061993,145648.3960343981,12.235276418250288
2016-02-23,0.0020984718038579,125067.68980545433,240.67218310945543
2016-02-24,0.0021459609316721,127898.01399455662,24.502078117752667
2016-02-25,0.002291320535916,136561.36122676294,134.49521768820222
2016-02-26,0.0022940974956835,136726.86640160807,41.15667999838991
2016-02-27,0.0021731395106292,129517.84137375282,20.164464055299927
2016-02-28,0.0022158980766217,132066.22685038202,432.5983467581123
2016-02-29,0.0020715153239256,123461.0993979864,273.27511021719226
2016-03-01,0.0019960105434145,118961.05872532928,271.2094162419285
2016-03-02,0.0021444560806816,127808.32575736378,280.81322728054926
2016-03-03,0.002057434444924,122621.88726088627,61.758222591666005
2016-03-04,0.0019038595372205,113468.91275665555,94.17896551066886
2016-03-05,0.0023108887773922,137727.61695175228,87.50624126770722
2016-03-06,0.0020946356163084,124839.05527551509,53.02531888828496
2016-03-07,0.0023785765874967,141761.7707689252,4.9299425202070735
2016-03-08,0.0024614183240484,146699.0897221476,299.4641628508167
2016-03-09,0.0022461665592191,133870.210675858,275.4879449121373
2016-03-10,0.0026736887258483,159350.2812789672,325.7755675832956
2016-03-11,0.0026647787025104,158819.24910930148,151.20922956414327
2016-03-12,0.0024122997930779,143771.65405976505,447.2838311722052
2016-03-13,0.0023143015587453,137931.0167205101,112.162494331245
2016-03-14,0.0023217299676221,138373.74553651822,209.7306540719509
2016-03-15,0.0023577948192515,140523.18955962895,62.79665216839816
2016-03-16,0.0025474726693773,151827.87827590873,32.76584465815852
2016-03-17,0.0026529357244808,158113.4145587262,89.22017436355121
2016-03-18,0.0025178999001679,150065.35856066682,203.09698567325404
2016-03-19,0.0029192485330155,173985.50188808583,304.4615600346138
2016-03-20,0.0038045697382921,226750.12692434312,1724.085375902741
2016-03-21,0.0034942735,208256.652955729,194.7039628108973
2016-03-22,0.0031482736551728,187635.2649599394,366.7291868011023
2016-03-23,0.0033130752305455,197457.3422784269,315.55667914424885
2016-03-24,0.0037710707436637,224753.60647490592,1190.335465378001
2016-03-25,0.0040160797253526,239355.99820829692,2639.4499591956387
2016-03-26,0.0042184622265474,251417.87668336547,2745.905810027842
2016-03-27,0.00363564055736,216682.0467332916,1776.899979724603
2016-03-28,0.003626297632928,216125.2139121013,180.3198472106384
2016-03-29,0.0041073131366814,244793.4560607143,472.506387477278
2016-03-30,0.0036222401609791,215883.39096162576,198.52012078876487
2016-03-31,0.0036944966142823,220189.83323621465,603.214587582553
2016-04-01,0.0041468722485542,247151.1559466975,1247.0440305606855
2016-04-02,0.0052791032240935,314631.4586014843,4205.577254764432
2016-04-03,0.0050479985139727,300857.75330564886,4987.875815618842
2016-04-04,0.0048897351008375,291425.3466251502,375.7023092813599
2016-04-05,0.0045629996178853,271952.10330819245,348.3404220138963
2016-04-06,0.0043146652867658,257151.52269738656,1069.990213663006
2016-04-07,0.0042103494641704,250934.3607997719,479.5682173627069
2016-04-08,0.0045791158099307,272912.6189100083,396.300893330098
2016-04-09,0.0046755262151205,278658.62256282405,357.1543298480437
2016-04-10,0.0052621219394094,313619.3839853496,4045.11452287712
2016-04-11,0.0053836797118078,320864.1559874397,651.5337162348168
2016-04-12,0.004545010334623,270879.9525674786,518.0207759533364
2016-04-13,0.0048557668901557,289400.86117388617,792.0355435943767
2016-04-14,0.0061725227241623,367878.7372617599,15087.945152100094
2016-04-15,0.006177560991068,368179.0150169144,3031.880483828711
2016-04-16,0.0055845874073442,332838.1369094987,1746.0561390752227
2016-04-17,0.0055524961052149,330925.514108091,1620.8763547604551
2016-04-18,0.0054444981670797,324488.90028202895,54.79466758631364
2016-04-19,0.0053953069844676,321557.1346243783,889.7222702110727
2016-04-20,0.0052565520219612,313287.4201694062,511.5594519501523
2016-04-21,0.0051253778441594,305469.51604048413,1536.6208594931409
2016-04-22,0.004578623787003,272883.29463184346,186.584619320508
2016-04-23,0.0048018470690723,286187.27143432875,308.9919246710519
2016-04-24,0.0051176247806738,305007.4380000373,369.8118149249504
2016-04-25,0.0048876794368122,291302.8302538623,1060.7543833177665
2016-04-26,0.0042945299339971,255951.4674716912,113.93714686282745
2016-04-27,0.0045858592978774,273314.52683994663,187.934146488046
2016-04-28,0.0045700996591002,272375.26160397567,67.52442409152917
2016-04-29,0.0044155655711033,263165.1205163366,156.5900314989425
2016-04-30,0.0045654049655322,272095.46061841183,1742.4435892711667
2016-05-01,0.0048819206905523,290959.612351398,132.49053827663167
2016-05-02,0.0046222119451095,275481.1233123268,941.94440593273
2016-05-03,0.004634631917616,276221.346395612,124.49000857396736
2016-05-04,0.0046004579605895,274184.59858277475,643.9992448005156
2016-05-05,0.0047494585587297,283064.946917575,199.7389974358292
2016-05-06,0.0049301735702926,293835.4557077322,684.7659340595352
2016-05-07,0.0046706348237573,278367.0985039313,215.71212231886497
2016-05-08,0.0048905729847385,291475.28401464707,244.61693323332867
2016-05-09,0.0045325992833542,270140.2611847332,280.53948637130225
2016-05-10,0.0045236113349398,269604.58472617186,64.83151269166778
2016-05-11,0.0045672926922693,272207.96802573645,79.76839571077974
2016-05-12,0.0045508710186914,271229.2459035961,102.9633132920026
2016-05-13,0.0047430035231244,282680.23057815287,121.0145780666699
2016-05-14,0.0046494047552968,277101.79886450694,855.3572175673353
2016-05-15,0.0045935208351911,273771.1499741839,62.0642771502644
2016-05-16,0.004449190317648,265169.135706295,230.2364130261888
2016-05-17,0.0045484204678591,271083.19451000943,180.5661037824812
2016-05-18,0.0043316556312471,258164.1372721285,1142.2673525021228
2016-05-19,0.004345623699679,258996.62596538177,654.084933149566
2016-05-20,0.0039512625308056,235492.93139617483,623.7374750066095
2016-05-21,0.0052855791673163,315017.4210226599,1079.3616555062767
2016-05-22,0.00504037575,300403.4410398105,233.48357833344284
2016-05-23,0.0050873001367787,303200.1069941308,223.1678222798881
2016-05-24,0.0045121770036197,268923.10528001137,606.8487163770121
2016-05-25,0.0043504864243656,259286.44150714765,293.0947672482518
2016-05-26,0.0037991460828349,226426.88023735903,650.5313199405813
2016-05-27,0.0038638656474079,230284.128360244,296.8564887452481
2016-05-28,0.0052125701871145,310666.1285859,1460.3739445798617
2016-05-29,0.0048716344733822,290346.55983577954,648.9110652817749
2016-05-30,0.0050858246114096,303112.166546794,347.7455549501551
2016-05-31,0.0048124015709459,286816.31356105744,1542.7629713977926
2016-06-01,0.0047955666423978,285812.961684858,76.62338563650262
2016-06-02,0.0048440224146237,288700.89731444,135.74931982673587
2016-06-03,0.0049591485052705,295562.3448531035,194.25521429123697
2016-06-04,0.0044636553320575,266031.2420886046,269.1099433459086
2016-06-05,0.0037108057092416,221161.8457386544,302.62940512950894
2016-06-06,0.0043917225,261744.08745061507,260.957613021921
2016-06-07,0.0042432138387897,252893.0582685606,104.837415743798
2016-06-08,0.0042423804762128,252843.39034732684,235.03910801129385
2016-06-09,0.0043622795974964,259989.30771494683,34.73090954459358
2016-06-10,0.0040800780749754,243170.2623427852,245.84420096109884
2016-06-11,0.00417872576,249049.6065627046,63.49682032900612
2016-06-12,0.0043238534454774,257699.13157233543,246.87138133055183
2016-06-13,0.0045348033535404,270271.6224762438,620.6566603798935
2016-06-14,0.00441755664,263283.78705580893,3.5313491717797065
2016-06-15,0.0041940233499999,249961.3339623169,169.2190358226903
2016-06-16,0.0046272093573538,275778.96615360386,627.3550872153623
2016-06-17,0.0051644927253752,307800.74003963,873.5461054179252
2016-06-18,0.0039993854042537,238361.02645367503,219.1100134624167
2016-06-19,0.0045377811507829,270449.097446911,327.82570705077813
2016-06-20,0.0043429856869016,258839.40194972543,256.64077834835103
2016-06-21,0.0044313528692613,264106.0342351967,156.13192313702942
2016-06-22,0.003885688474365,231584.7560587133,43.98387232408156
2016-06-23,0.004670852220224,278380.055205952,40.61421448498029
2016-06-24,0.0045032262068223,268389.6430360563,322.50609311700777
2016-06-25,0.0039624947458919,236162.3648332385,139.31527118879532
2016-06-26,0.0058237273511662,347090.7374252798,1251.714648413154
2016-06-27,0.0050933407121473,303560.1217463253,177.24271664780196
2016-06-28,0.0044960530757198,267962.12862580136,1210.6767554275746
2016-06-29,0.0049138344058155,292861.6510796459,139.78255083454562
2016-06-30,0.0051773113394676,308564.72192782594,147.27760964816005
2016-07-01,0.0083828060041148,499610.3255209262,18781.07304671788
2016-07-02,0.0101491513100466,604883.4706761142,31687.17679147948
2016-07-03,0.0081481200074813,485623.1776475666,7477.348125045222
2016-07-04,0.0085753499295327,511085.8306450949,2125.689362086571
2016-07-05,0.0419454597015048,2499924.818170306,105028.03128380905
2016-07-06,0.0146268131220184,871749.4907598115,49317.56994413696
2016-07-07,0.0101260364293514,603505.8373319982,11789.21694090145
2016-07-08,0.009668930235065,576262.5760167587,7576.296328186468
2016-07-09,0.0170649427141189,1017060.5857050606,9409.22197975946
2016-07-10,0.0143438466074023,854884.8523070689,8054.677389747449
2016-07-11,0.0105336724357169,627800.7044366845,18113.599338353863
2016-07-12,0.0120520250502216,718293.6305065323,8629.021255007538
2016-07-13,0.0120705242463097,719396.1717528504,18122.4510848948
2016-07-14,0.011237523742385,669749.8298572386,15147.147024187783
2016-07-15,0.0113417421080202,675961.1833771309,15287.623782509732
2016-07-16,0.0122144976488435,727976.9021754512,1897.272816189202
2016-07-17,0.012091462842986,720644.0998447423,3086.1535068547737
2016-07-18,0.0119510662661339,712276.5461367529,2352.791355129923
2016-07-19,0.0121081996915716,721641.6062126496,2450.0561491081144
2016-07-20,0.0115887319841413,690681.6352578796,1080.2824371267222
2016-07-21,0.0111560280466423,664892.7341474489,1189.9781890234528
2016-07-22,0.0106735310216752,636136.1942026641,1412.8382911548747
2016-07-23,0.0107445633058708,640369.6767158036,1422.2407214111745
2016-07-24,0.0100920855791469,601482.3865550094,3920.286196722504
2016-07-25,0.0101598564400083,605521.4901486224,2249.200131174161
2016-07-26,0.0087773822244473,523126.8370310785,12610.602756932838
2016-07-27,0.0096034831123877,572361.9658572034,4031.570097683605
2016-07-28,0.0090146709134145,537269.1038423489,219.1050383046963
2016-07-29,0.0095454875676105,568905.4653738722,1005.068460042199
2016-07-30,0.0126420348080931,753457.8663299517,26782.94759454016
2016-07-31,0.0167870804176111,1000500.155660502,272907.1355017924
2016-08-01,0.0290687062253712,1732477.85677028,643211.3944502322
2016-08-02,0.0166894478323605,994681.3107922578,368792.1993798792
2016-08-03,0.0213074544587464,1269911.7995729728,190819.963642229
2016-08-04,0.0175535154992318,1046179.237394136,57606.66749525343
2016-08-05,0.0162246321698557,966978.5696889512,15811.587151815236
2016-08-06,0.0163086167539726,971984.00168735,31041.56269158589
2016-08-07,0.01893851902762,1128724.6360740042,138950.3006913985
2016-08-08,0.0184858789759847,1101747.5542436128,57490.91501365078
2016-08-09,0.0159370071060195,949836.2844326008,38355.04886049285
2016-08-10,0.0153745749752632,916315.6590247564,15375.53877638318
2016-08-11,0.0150617589038982,897672.0044816186,14995.709410861931
2016-08-12,0.0150428441040981,896544.6934976034,14976.877557080628
2016-08-13,0.0155521145044643,926896.9109269736,4959.689436153377
2016-08-14,0.0142148967062466,847199.51376283,8114.511990485046
2016-08-15,0.0162723864227035,969824.695174688,69940.78232558961
2016-08-16,0.0155048952073249,924082.6684879762,19143.0348198524
2016-08-17,0.0155255841380526,925315.7166356336,3880.8214765030593
2016-08-18,0.0153031964940689,912061.5433733636,7878.441598665787
2016-08-19,0.0151382993561391,902233.770582471,3445.5685468862644
2016-08-20,0.0162305452176418,967330.9838719558,3978.440495664884
2016-08-21,0.0166565478644803,992720.4919859776,5308.196215366304
2016-08-22,0.0151255272299239,901472.5593445136,3687.365826505856
2016-08-23,0.01630610912628,971834.5485463424,8123.382986211112
2016-08-24,0.0156497078333789,932713.416140593,4476.773858139023
2016-08-25,0.0153865900431195,917031.7500281596,3487.685347081492
2016-08-26,0.0152882558756419,911171.0912703178,5012.804879343465
2016-08-27,0.0146187786204214,871270.6391728452,7481.06429157055
2016-08-28,0.0209513882111958,1248690.4598737806,187767.1663294423
2016-08-29,0.0232227288620821,1384061.0316609847,185724.4024517644
2016-08-30,0.0202147354321872,1204786.3859233956,35356.58100911947
2016-08-31,0.0199277976229474,1187685.0606382594,24470.974022018785
2016-09-01,0.0173238950778589,1032493.9948378804,24000.9375912339
2016-09-02,0.0178380651732308,1063138.2312183671,18277.170871934693
2016-09-03,0.0221105275052246,1317774.4825422731,366180.1870800776
2016-09-04,0.0250141469573592,1490828.5003684962,133623.72654160962
2016-09-05,0.031290750098938,1864910.3695171487,1032500.1791976244
2016-09-06,0.0692778871457738,4128921.477046256,4851940.787057719
2016-09-07,0.0516725123890683,3079651.4582962147,1375918.2333975777
2016-09-08,0.0521592630728183,3108661.513811814,1421557.3667717502
2016-09-09,0.0561268720221667,3345128.6821741355,810450.6760341171
2016-09-10,0.0587850996041488,3503557.488338905,263418.6627927736
2016-09-11,0.0548843824206754,3271077.030024159,401215.4085323183
2016-09-12,0.0509870618575797,3038799.0082935034,284320.5439957421
2016-09-13,0.0512248832552363,3052973.024230498,131488.50078989042
2016-09-14,0.0521103036755726,3105743.5624261755,133450.17410431404
2016-09-15,0.0523435312613403,3119643.7898665667,312968.7657888831
2016-09-16,0.0549077595431058,3272470.2928220183,134825.79187094554
2016-09-17,0.0625028368097052,3725132.447196062,611455.430498007
2016-09-18,0.0609007640480031,3629649.8494132566,367178.5756700583
2016-09-19,0.0552086053568391,3290400.527024872,557803.1993734769
2016-09-20,0.0526741710431447,3139349.727107196,254538.7866622298
2016-09-21,0.0524797339746622,3127761.391765758,144898.63347194524
2016-09-22,0.0526696444755938,3139079.946333729,120805.47098822518
2016-09-23,0.0516358244012004,3077464.875718445,55202.000984335886
2016-09-24,0.0515152441790594,3070278.365138856,42774.25199623047
2016-09-25,0.0555308797662837,3309607.892974969,144220.435616782
2016-09-26,0.0510119907994371,3040284.758619847,153200.35282974396
2016-09-27,0.0521137135151009,3105946.786863895,86872.03143402035
2016-09-28,0.0511482263668637,3048404.31860443,88798.83198174773
2016-09-29,0.0514607094784259,3067028.128938432,45364.21398572707
2016-09-30,0.0446385549565172,2660431.717215224,238016.90897772004
2016-10-01,0.0373430453097964,2225623.617439317,102936.4171618793
2016-10-02,0.0445695301081849,2656317.876703181,79504.69650614394
2016-10-03,0.044645841649359,2660865.9998385906,25892.11799132287
2016-10-04,0.0420434002489622,2505762.017405604,22613.571026598504
2016-10-05,0.049051002582714,2923411.010042241,119016.29361283638
2016-10-06,0.04677772330029,2787924.8969514314,69589.38971941145
2016-10-07,0.0458120748614749,2730372.815868038,38552.54516736939
2016-10-08,0.0440981599294588,2628224.49027403,19927.57617412568
2016-10-09,0.0460748944421118,2746036.708861724,29811.186574116
2016-10-10,0.0445310522466503,2654024.6187037453,47266.33357412391
2016-10-11,0.0419470265202824,2500018.199651292,109780.39821081675
2016-10-12,0.0448324216137276,2671986.056379102,104945.16443322216
2016-10-13,0.0432954313715012,2580382.338618693,78978.83296294409
2016-10-14,0.0414817,2472285.0117238,65193.53158367946
2016-10-15,0.0422098859955519,2515684.470341705,27831.278511289605
2016-10-16,0.0406782984456036,2424402.74987509,13764.450727196909
2016-10-17,0.0396416618007615,2386792.6247694264,38333.97599526392
2016-10-18,0.0464652577699031,2797752.6259166547,104487.83010781812
2016-10-19,0.0425493624334784,2562080.244575652,81240.26130064364
2016-10-20,0.044558922962968,2683204.886855663,87548.19287309368
2016-10-21,0.0442237300242916,2663147.7152152383,42996.87502222269
2016-10-22,0.0491189778267932,2958084.047912652,89354.46464994564
2016-10-23,0.0523045593091324,3150079.6390660866,220419.7460059801
2016-10-24,0.0582165498295631,3506278.70504349,297302.3467678444
2016-10-25,0.0505668925096537,3045714.881206637,173301.61808139077
2016-10-26,0.05177469039076,3118552.951383659,64955.06240901534
2016-10-27,0.0478183702178678,2880448.699412477,73501.71066884225
2016-10-28,0.0481113027594071,2898176.1414769907,73951.97785309824
2016-10-29,0.0513791252066042,3095241.0146188703,65781.16654085743
2016-10-30,0.0546177129813407,3290441.4422929366,96216.96249609475
2016-10-31,0.0540672292633578,3257333.6994607346,133714.50135790976
2016-11-01,0.0469861837178952,2830995.1901786914,269251.4095457841
2016-11-02,0.044955934304972,2708814.741525514,58771.985935578254
2016-11-03,0.0413223901661925,2490012.2312766127,202738.10983663483
2016-11-04,0.040392338871694,2434099.2936060946,22804.66531807261
2016-11-05,0.0445080548668916,2682261.058000433,91337.7152908418
2016-11-06,0.0446820100411652,2692880.3233235613,102904.30882264972
2016-11-07,0.0438177827990656,2640927.653027557,128313.35475014562
2016-11-08,0.0416367825421107,2509584.036809145,83946.87887319503
2016-11-09,0.0415376508127045,2503746.826083988,39092.98146934356
2016-11-10,0.0381599788626913,2300266.9262522305,13713.814587415489
2016-11-11,0.0375403558339876,2263024.661084922,19125.583244921083
2016-11-12,0.0391376134561414,2359422.2988361632,22443.02426673276
2016-11-13,0.0386253937691859,2328653.185737201,45052.15543850622
2016-11-14,0.0381357810923444,2299258.488077544,12542.0343863597
2016-11-15,0.0358733669698974,2162970.5990901147,26815.486889904183
2016-11-16,0.0380799731341164,2296138.032846729,56770.34923742952
2016-11-17,0.0341962665470572,2062075.839914876,15948.479900217952
2016-11-18,0.0334022001800251,2014302.1791035195,14647.405631267702
2016-11-19,0.0294674965664496,1777123.219257241,73079.29639698254
2016-11-20,0.0283425069581677,1709371.654328203,42975.45771763596
2016-11-21,0.0282385082449911,1703191.9291201432,22002.921751465343
2016-11-22,0.0257765835821026,1554789.9579317502,19370.628679352543
2016-11-23,0.0263156225465005,1587388.851811442,17854.361937299367
2016-11-24,0.032331681744059,1950396.350507935,123038.0564789247
2016-11-25,0.0334669763692196,2018988.354200504,59798.58881234308
2016-11-26,0.0322695824162049,1946857.9193095097,24300.827280206347
2016-11-27,0.0310923496310611,1875935.1192529805,11406.365440835549
2016-11-28,0.0325036783708758,1961194.886677232,27525.32189902585
2016-11-29,0.0295217414443957,1781367.0903220316,19937.81895885516
2016-11-30,0.0316599786861525,1910493.173114888,13474.331705317703
2016-12-01,0.0342117700400419,2064590.344961324,38245.6287038038
2016-12-02,0.0323128121856333,1950093.4993631367,21724.53308762548
2016-12-03,0.0330911323156569,1997174.4895453304,22762.78242350604
2016-12-04,0.0330716431815518,1996101.7280580336,10571.188057211224
2016-12-05,0.0333622471008807,2013750.5396064497,14353.49415528802
2016-12-06,0.039268143230348,2370605.672959856,62215.33428449724
2016-12-07,0.0582854594095548,3519350.3531096694,159295.08257230613
2016-12-08,0.0534848009810695,3229831.924985478,133064.9281380039
2016-12-09,0.047183837552952,2849695.188452485,74341.34950839376
2016-12-10,0.0488019091724375,2947578.8014044045,189934.72148555663
2016-12-11,0.0485910096900485,2934994.604617398,19806.811585960728
2016-12-12,0.0518043396505133,3129260.8740426647,50336.99485271537
2016-12-13,0.0551244559690717,3329988.6751282928,105098.58182845933
2016-12-14,0.0501005205732376,3026663.931379851,142778.8642732288
2016-12-15,0.0514656547966822,3109297.328678937,107167.4480330612
2016-12-16,0.0497422046283323,3005334.0199956684,37351.861311329936
2016-12-17,0.0477913615413794,2887612.3697912293,51669.95065722781
2016-12-18,0.0460110434749127,2780258.5278665577,6523.812512234492
2016-12-19,0.0477362636281587,2884671.0960606933,45762.25319654204
2016-12-20,0.0444324915861452,2685190.3635952105,18506.80900593024
2016-12-21,0.0386367312794128,2335045.782476392,90350.50157782483
2016-12-22,0.0334999347755295,2024993.5718316224,59818.51427216862
2016-12-23,0.0301011668672705,1819643.200098853,105885.53690133004
2016-12-24,0.0337624642123922,2041218.5228574004,60696.181774183846
2016-12-25,0.0386227806242946,2335180.3204688723,198741.06801209025
2016-12-26,0.0366952409710957,2219072.8851404376,182630.492198856
2016-12-27,0.0368445806888181,2228218.388424072,162129.7866559931
2016-12-28,0.037878038084558,2290835.562093735,269134.8180656016
2016-12-29,0.0392879759322817,2376242.194023825,169905.46603285795
2016-12-30,0.0386857846108508,2339954.0934680467,49644.29869001824
2016-12-31,0.038919172666957,2354191.9155172827,37267.40773793175
2017-01-01,0.0379311151926544,2294543.434057825,40873.43046935302
2017-01-02,0.0409443831077777,2476948.185022899,47616.39460038683
2017-01-03,0.041291413699364,2498260.266433366,38936.96012693816
2017-01-04,0.0443971709999999,2686294.5625684345,68997.29837664656
2017-01-05,0.0413479931780682,2501931.7560187336,62481.26862864783
2017-01-06,0.0386063195953603,2336148.082158897,44108.60839136957
2017-01-07,0.0388038393988142,2348243.482902632,86855.21617939904
2017-01-08,0.0403991770192609,2444954.678477274,53069.41319397851
2017-01-09,0.0399647878198616,2418814.110967386,29879.56381683001
2017-01-10,0.0403455424022032,2442040.9213152938,22927.05971341209
2017-01-11,0.0366460974730535,2218250.175302561,33573.30701655243
2017-01-12,0.0371776868834093,2250556.5547187203,36804.40902786707
2017-01-13,0.037707273901161,2282741.273163604,21947.946053941007
2017-01-14,0.0377312125131557,2284326.4260493875,18638.536543059352
2017-01-15,0.0408537748841289,2473496.580251249,45175.3075763542
2017-01-16,0.040077366953058,2426603.532571688,53999.75552039134
2017-01-17,0.0408930324534128,2476187.4110798542,64137.74272307276
2017-01-18,0.0391169467502925,2368762.541587188,22765.743350655724
2017-01-19,0.0387366235303255,2345854.1283563725,16429.86150390141
2017-01-20,0.039821464596,2411701.5463937167,19893.37409253364
2017-01-21,0.0392269033290705,2375896.3753229566,35071.376797385485
2017-01-22,0.0380211713052924,2303219.8244697507,15154.617232749904
2017-01-23,0.0379775100020497,2300709.798830164,16308.929497514442
2017-01-24,0.0373601568794681,2263432.37704515,28867.99762807169
2017-01-25,0.0376842892297741,2283209.7240515663,29118.4529982138
2017-01-26,0.036136141506778,2189525.419807029,42610.848381141564
2017-01-27,0.0377587410689938,2287960.1794604524,40755.06206719101
2017-01-28,0.0388472393374323,2354064.3878138983,35517.05645452486
2017-01-29,0.0413664970345226,2506876.361718796,28698.329699638824
2017-01-30,0.0461014148951407,2794015.8047339823,272188.166333529
2017-01-31,0.0439766025702968,2665401.65254851,128892.24249999528
2017-02-01,0.0430502937556368,2609410.03842804,35019.24215079209
2017-02-02,0.0416297955932952,2523458.2494927733,37812.111011548215
2017-02-03,0.0423956701244937,2570145.333110585,37251.29730567109
2017-02-04,0.0450069011504954,2728668.5014339825,34401.26159885865
2017-02-05,0.0440730446398204,2672226.3532169685,17802.777969731822
2017-02-06,0.0438325975373864,2657820.672823678,38827.58731145994
2017-02-07,0.0447086182054484,2711032.0254752524,38446.18179775112
2017-02-08,0.0433381563795962,2628158.634308018,21304.660925217908
2017-02-09,0.0403797929393818,2448885.642236525,26062.94764472163
2017-02-10,0.0399154608469326,2420852.503143276,27212.405621100057
2017-02-11,0.0404680475309409,2454499.8267319887,13369.463575418466
2017-02-12,0.0399879359279877,2425517.758776775,15646.33280872623
2017-02-13,0.0396018065315816,2402244.7129660007,10244.406876524634
2017-02-14,0.0411319243782349,2495256.757730647,20263.72338848729
2017-02-15,0.0404972959068056,2456986.7771086,5103.901441210163
2017-02-16,0.0411949663370757,2499472.4916232945,7908.657761872182
2017-02-17,0.040815400198813,2476588.93507594,31740.1312806928
2017-02-18,0.0401511588277108,2436427.405055404,36237.68120425119
2017-02-19,0.0396902502890354,2408594.7816693075,25383.327188149466
2017-02-20,0.0393541119496115,2388292.909122288,10798.506229489334
2017-02-21,0.037831521401376,2295891.0728287017,67404.834650168
2017-02-22,0.0385170676906947,2337494.993246252,16128.450924809338
2017-02-23,0.0368730039612444,2237721.283393038,34258.48959815419
2017-02-24,0.0365675024004455,2219690.508792377,32015.875542179023
2017-02-25,0.03818693371794,2318106.0016317624,11382.318669774511
2017-02-26,0.0381652529393555,2316926.9012859347,15263.622981684106
2017-02-27,0.0375446561027563,2279377.671477298,19495.093916942235
2017-02-28,0.0383442330776072,2328047.334832473,21595.98359640741
2017-03-01,0.0372297299792073,2260509.272107204,25603.41105190161
2017-03-02,0.0387786745990596,2354694.713783196,27940.18688606487
2017-03-03,0.0383004306934477,2325796.67959364,11900.73505812758
2017-03-04,0.0385079925439713,2338531.855046711,32760.67804499212
2017-03-05,0.0375494239775277,2280476.099227647,16204.86468471887
2017-03-06,0.0390672149464361,2372795.586849472,17788.62745624267
2017-03-07,0.038078039238072,2312854.2773804907,10361.566984830211
2017-03-08,0.038697911651996,2350689.822000337,46605.4069106982
2017-03-09,0.0408540064774611,2481795.059238155,80242.72879329119
2017-03-10,0.040402486466349,2454532.3426334737,98924.56106511968
2017-03-11,0.0392635417490857,2385490.913091821,37463.05935436766
2017-03-12,0.0431600611746904,2622469.5823052805,26566.56676384461
2017-03-13,0.0499521771204291,3035373.214794317,102404.00107970306
2017-03-14,0.0465739078210719,2830251.201595954,54397.159196225584
2017-03-15,0.0536764743106637,3262041.028426296,149932.42707450347
2017-03-16,0.0628753822835138,3821236.58256572,449983.557154004
2017-03-17,0.0597232332594763,3629960.26026423,173453.17176250258
2017-03-18,0.0492402079998676,2993044.328340228,156393.30379999478
2017-03-19,0.05219469281742,3172825.0795523883,45953.9214766589
2017-03-20,0.0493805745274022,3001953.51588187,74847.05163934761
2017-03-21,0.0550574707295084,3347254.995643796,45920.69290464799
2017-03-22,0.0652236451325987,3965540.879490738,386661.304600461
2017-03-23,0.0736447348502203,4477845.705018325,797382.4150916482
2017-03-24,0.0652196239491433,3965839.478843704,265466.6141008541
2017-03-25,0.0724128367711548,4403531.847465186,180421.2401088061
2017-03-26,0.1086747612446103,6608988.335413765,1417540.463845116
2017-03-27,0.0844012006027594,5133220.758202598,906219.857706272
2017-03-28,0.0976256314811191,5937852.055245879,515659.1526832846
2017-03-29,0.112843937938286,6863827.201160179,818219.6791646016
2017-03-30,0.0946862053372156,5759651.277174991,585423.1865227205
2017-03-31,0.105777126686229,6434855.033217208,1001940.8959955616
2017-04-01,0.1000536784172755,6087587.167322122,288612.2658484296
2017-04-02,0.0911004189232066,5236963.07371225,294786.8262870091
2017-04-03,0.0860633041513446,5107589.588291656,263960.43232355366
2017-04-04,0.0839337746163485,5306081.262088762,239103.3629614889
2017-04-05,0.0871919080130052,5225879.928762801,180782.367361202
2017-04-06,0.0858716288697847,5211532.251276926,100431.16941471514
2017-04-07,0.0856323599896891,5079690.764564128,56141.99910123457
2017-04-08,0.0834608930212526,5162682.014742005,58283.36756659448
2017-04-09,0.0848227535539892,5004352.5644999305,57603.548173314266
2017-04-10,0.0822109306073458,5205010.570022474,114793.09613613316
2017-04-11,0.085503073932304,5252251.77588301,63900.376283140016
2017-04-12,0.0862756986162253,5147908.650056354,66943.48688863567
2017-04-13,0.0845574711843926,5345572.653486863,89109.94943300623
2017-04-14,0.0877950169911862,6147568.774106759,104159.78268188394
2017-04-15,0.1009524910675371,6299162.4999075765,432839.3933861327
2017-04-16,0.1034367776767086,6249807.407836995,167646.370553894
2017-04-17,0.1026242621943998,5916700.517342636,139354.94066337135
2017-04-18,0.0971427490192533,6180719.620338676,109668.42117834924
2017-04-19,0.1014719055175175,8181057.553557927,147526.65990231326
2017-04-20,0.1343044724430359,8096363.695814874,1846220.0307666047
2017-04-21,0.1328992300548428,8058193.360104589,414012.5496417689
2017-04-22,0.1322622377853606,7747440.429612833,256042.6938996053
2017-04-23,0.127151451592694,8823567.578313133,86555.78259261299
2017-04-24,0.1448034888571197,9950979.579825534,195672.25764811545
2017-04-25,0.163293887161371,12056807.035770154,527921.887520646
2017-04-26,0.1978372278415953,11841564.470220163,1755791.913632456
2017-04-27,0.1942922679977324,11886927.114359451,916786.314864592
2017-04-28,0.1950231198128438,12827890.637411185,733307.1795932835
2017-04-29,0.210446735857847,15813671.264710749,513418.6072292118
2017-04-30,0.2594128009100658,13421917.03789282,1154095.2034967074
2017-05-01,0.2201615170428379,13586838.876144849,1466410.5367597025
2017-05-02,0.222849432794884,13731827.368808703,640139.8616967082
2017-05-03,0.2252122210492742,14259317.944085374,598807.0337001057
2017-05-04,0.2338466311909941,14764383.451258352,475144.2966092608
2017-05-05,0.2421090861563631,16630622.293987842,578040.0897921154
2017-05-06,0.2726923087099836,15416552.975418547,1002169.4517821412
2017-05-07,0.2527675790613666,15309651.244742036,784806.9054971051
2017-05-08,0.2509977057326696,14304589.437426995,659142.333419727
2017-05-09,0.2345040149768676,16107489.910145553,495441.5463407141
2017-05-10,0.2640392007054331,17778364.607254166,494898.11202745046
2017-05-11,0.2914088013201699,18440715.172596745,509812.4101421824
2017-05-12,0.3022425424069136,16419374.354493486,1990170.816510376
2017-05-13,0.2690934194629,16569750.4396996,561662.7001378393
2017-05-14,0.2715386298721245,15526900.070359968,277339.97343235614
2017-05-15,0.254429594499015,15627910.353612874,425756.1400208259
2017-05-16,0.256067994301076,17825813.33467898,281799.10693532927
2017-05-17,0.2920602418924906,18770214.36896473,947511.7956908328
2017-05-18,0.3075103754317176,19991352.01759948,793272.0120683615
2017-05-19,0.3274837242684981,24509668.558096614,842047.4007273228
2017-05-20,0.401469837775763,21736499.31044359,2509797.520868867
2017-05-21,0.3560218620580888,20083075.991657645,2794146.590692207
2017-05-22,0.3289156096710625,22666005.42838705,1293692.2102556878
2017-05-23,0.3712004440055916,21963697.06506737,1190417.399362186
2017-05-24,0.3596727153412448,19239590.736945458,954693.6924692128
2017-05-25,0.3150406338514212,17927817.463228203,639627.8123973487
2017-05-26,0.2935422000882502,16540121.234497547,630797.1555963836
2017-05-27,0.2708032288168927,16186885.544761227,517834.9597565513
2017-05-28,0.2648759799864667,16883233.753382597,411515.9831643279
2017-05-29,0.2757775957806301,14649776.4140488,597664.2694546961
2017-05-30,0.238945902915545,16803155.916054364,379389.6650018061
2017-05-31,0.2740045911617986,18245568.936089948,1307049.897005265
2017-06-01,0.2975061678808292,21112844.55713363,634706.1962712748
2017-06-02,0.3442353332401848,25365160.217018712,1308582.7899202558
2017-06-03,0.4135414008740791,26080378.355100445,1637115.5312514135
2017-06-04,0.4251771441956841,25504803.1744432,865758.6900731274
2017-06-05,0.4157669697962436,28295868.47740955,664592.7823975771
2017-06-06,0.4612394988494396,25384308.598614413,914209.8017779784
2017-06-07,0.4137539469650694,26485916.96409735,809814.6148296695
2017-06-08,0.4316867645866667,27274457.640132982,615839.6299128212
2017-06-09,0.4445094879219438,25642482.95301071,723586.2265509482
2017-06-10,0.4178856608176277,26024789.414478887,1010774.1455389812
2017-06-11,0.4240901760460048,22971931.083892267,360623.2916618793
2017-06-12,0.374317973381341,24555791.64458686,416027.0205996676
2017-06-13,0.4001000754745902,23022539.14735575,353316.5030612809
2017-06-14,0.3750923395587626,22114314.3788884,537293.0341439527
2017-06-15,0.3602734869085182,27134170.362955645,454995.6881598026
2017-06-16,0.4420264448057054,28535497.19912984,2214013.127324058
2017-06-17,0.4648266984755032,28919293.188808903,1145343.4602276003
2017-06-18,0.4710527767074949,28906317.45836913,1034322.834810675
2017-06-19,0.4708135141502066,29770234.20032712,702634.232627796
2017-06-20,0.4848513673576738,28011081.7258258,720938.3740839957
2017-06-21,0.4561733178949213,29607061.34869002,656001.3879595561
2017-06-22,0.4821347729379051,29615486.117698364,707264.845341613
2017-06-23,0.4822393757187408,29147001.636742644,534527.6561637952
2017-06-24,0.4745825016985393,26700559.672976226,430241.56590225
2017-06-25,0.4347203804100708,24519169.057683896,407617.7480129671
2017-06-26,0.3991828043686258,25976918.438097388,867935.0815134585
2017-06-27,0.4228767111359688,27339031.52436917,622953.6530572366
2017-06-28,0.4450251566847493,25836411.13650456,510250.39267061977
2017-06-29,0.4205453537502264,24547570.40657264,532426.1538278355
2017-06-30,0.3995431379384752,21316930.303604603,232694.0426872389
2017-07-01,0.3469377860021205,23202762.3552353,501664.003921323
2017-07-02,0.3776030511907637,22439426.32844417,361130.4598654361
2017-07-03,0.3651579912295754,23782304.270667285,228246.6233679049
2017-07-04,0.3869886875789967,22490976.15912465,165151.17239477052
2017-07-05,0.3659577741315962,21139351.94830301,215917.99386696395
2017-07-06,0.3439451856969314,17140645.410081178,213635.5437722251
2017-07-07,0.2788677427944636,18060935.7431834,286748.9246567329
2017-07-08,0.2938226889705588,16762162.205407288,176199.87820601105
2017-07-09,0.272673144802017,12411421.661706982,327437.2434491105
2017-07-10,0.2018834702631324,11663473.533300836,454789.1415035283
2017-07-11,0.1897042007064236,14184878.538084423,377311.3691490845
2017-07-12,0.2306993016473831,12648822.695724605,322163.99556808645
2017-07-13,0.2057047462359943,11490970.885388795,389672.6802085514
2017-07-14,0.1868632400305752,11361388.387519969,265666.8713974923
2017-07-15,0.1847461183464863,11564321.68274239,176069.4473907763
2017-07-16,0.1880351306769983,12420281.799608912,171167.2022003424
2017-07-17,0.2019392491683553,14479878.345322782,129467.78362391405
2017-07-18,0.2354054712905542,14124559.90551403,194062.8468680135
2017-07-19,0.2296188719318513,15877931.590424305,297987.0900670304
2017-07-20,0.2581104602506521,16081406.319051888,329763.2664081025
2017-07-21,0.2614036440553522,18301279.333971266,240900.45502814848
2017-07-22,0.2974708090840529,17271615.90954114,160591.7727752055
2017-07-23,0.2807151887106612,17322517.360309914,143735.00995184697
2017-07-24,0.2815031873297043,14672466.681925058,98209.61803759624
2017-07-25,0.2384235911782479,13895566.254818195,183807.17463762287
2017-07-26,0.2257865053517458,14932449.896889342,63682.9078516832
2017-07-27,0.2426202873727214,13931215.336254591,108574.94891073978
2017-07-28,0.2263362398662174,14074488.344707271,145726.364434438
2017-07-29,0.2286495247971467,13726636.001311809,82168.81948456085
2017-07-30,0.2229672999852852,14204999.63300918,40049.96404061087
2017-07-31,0.2307219709385355,15456448.74955097,132650.11536404229
2017-08-01,0.2510315895235386,15373833.35993812,129562.1130784106
2017-08-02,0.2496749003967285,15792887.512927951,68411.73508571164
2017-08-03,0.2564648299075872,14567928.867192537,63256.68786067247
2017-08-04,0.2365579312822247,15613425.813837703,175147.27489787102
2017-08-05,0.2535195818821837,15285444.249455858,181380.23361119468
2017-08-06,0.248179159094013,16704310.421901232,97521.37799842132
2017-08-07,0.2712020297091437,17281006.44220373,248934.73362651985
2017-08-08,0.2805470999573105,16769750.864902832,188301.67614216937
2017-08-09,0.2722278407978006,16525987.075479768,339078.4905614922
2017-08-10,0.268250983963425,17626383.476671483,192475.9109788235
2017-08-11,0.2860920119263248,16933794.121159945,313301.79062906915
2017-08-12,0.2748316403839274,15523286.73138343,289142.653383732
2017-08-13,0.2519216927556532,13884355.8966638,212103.0120526865
2017-08-14,0.2253086221676743,15710914.698146444,358208.2298253612
2017-08-15,0.2549335772506958,16238355.1330208,276230.6444330322
2017-08-16,0.2634297891665367,16192038.653414236,429107.66537172126
2017-08-17,0.2626784113109754,14676406.927601635,430758.86213639553
2017-08-18,0.2380503401458129,14278859.339808175,171197.69088188783
2017-08-19,0.2315883252223073,14980704.66847342,77915.68217371653
2017-08-20,0.2429564303029131,14746917.103016349,233157.26825508187
2017-08-21,0.2391487699721051,14494442.57621972,174257.38077791996
2017-08-22,0.2350401691105631,15743574.016526772,158273.99949707842
2017-08-23,0.2552812041602747,15652440.038190234,424786.9558534718
2017-08-24,0.2537893894630041,17231365.28480396,232895.08124822067
2017-08-25,0.2793717251781751,17687381.4219224,486921.8109303888
2017-08-26,0.2867417712004734,23443819.557615,211785.48122383715
2017-08-27,0.3800344279996913,34267686.87078579,1768169.695279784
2017-08-28,0.5554481195934394,31145430.40130541,13264981.85022395
2017-08-29,0.5048025418892864,37790646.17188734,4825391.720715274
2017-08-30,0.6124679780164761,50908556.329576135,3103352.7273392
2017-08-31,0.8250059763107852,116675898.81090245,13986776.41096273
2017-09-01,1.890671876993089,87530213.47472706,62658971.31558204
2017-09-02,1.418273443436978,91920002.03432097,21858792.976767097
2017-09-03,1.4892869129210455,79103463.08495425,15228343.356605817
2017-09-04,1.2815407528878522,84903148.37262918,8973957.92995997
2017-09-05,1.3754015488622633,97918018.00369214,5565354.505495344
2017-09-06,1.586126201209853,91850571.2859738,10388098.718628071
2017-09-07,1.487731495468178,78504291.30578132,8385547.754222918
2017-09-08,1.2714705224342486,80474767.1596508,5053425.427460386
2017-09-09,1.3032942979782451,70802407.34466757,1952170.979849836
2017-09-10,1.1465690951945098,67504457.89535196,1720699.174888754
2017-09-11,1.093082222811148,71434247.11660689,2450094.569312198
2017-09-12,1.156642077892304,58447908.420292936,2858371.498860353
2017-09-13,0.9463085686440846,40388568.87185476,2816247.5192938787
2017-09-14,0.653836875045901,57681443.63544865,1854955.9632799912
2017-09-15,0.9337224766441456,58963462.04470253,5543135.723866838
2017-09-16,0.9544120674743072,59242270.69247564,2795699.3828144143
2017-09-17,0.9588615863756176,64431934.817555696,1087867.1817665184
2017-09-18,1.0427966701029914,57916865.44828619,1497667.698899557
2017-09-19,0.9372936887183768,56591336.62535323,1210914.2460926531
2017-09-20,0.9157822223464652,48876514.558787,1293330.075848292
2017-09-21,0.7908894967965479,52480222.76021799,1143347.7558947434
2017-09-22,0.8491479773094318,51637391.48382596,941084.9946468788
2017-09-23,0.8354542952969825,47001424.01662161,545962.5006741836
2017-09-24,0.7603950500917973,49278825.80714574,458060.21706927696
2017-09-25,0.797185431709423,55588214.81022169,808092.0845651358
2017-09-26,0.8991973077472402,60291765.21226433,1231884.659975767
2017-09-27,0.9752168599021304,61270812.02490403,3457026.9594468805
2017-09-28,0.9909868141612036,57011694.30863472,3086391.2261870927
2017-09-29,0.9220392085259604,57307218.21753735,1587730.2025946812
2017-09-30,0.9267633380232868,55308976.96220254,925694.0959795798
2017-10-01,0.8943940565825805,55434014.67374632,830128.1067664365
2017-10-02,0.8963622918679022,52085620.67916168,1137844.105935877
2017-10-03,0.8421643363775875,51807791.24423486,701724.6190232526
2017-10-04,0.8376456230298964,48445697.74264571,644590.5900623093
2017-10-05,0.7832044858475349,46530726.29083406,801795.1092668277
2017-10-06,0.7521965443668933,42651838.65251917,631939.1551078287
2017-10-07,0.6894511864469659,37955877.65827297,910909.996300949
2017-10-08,0.613502541006746,42569368.995381445,812947.1972530275
2017-10-09,0.6880237388902228,45592673.68677198,2879183.6797439163
2017-10-10,0.736837728138984,43310758.204399645,1766133.4892403316
2017-10-11,0.6999124067022614,40023688.66582005,766336.9446211681
2017-10-12,0.6467538593090644,40764558.42008964,1195409.0543356629
2017-10-13,0.658681362022221,39861284.87766513,662215.2022911429
2017-10-14,0.6440373759981652,39780490.505416855,267450.71926546405
2017-10-15,0.6426819343062254,40791592.8795396,355193.346104041
2017-10-16,0.6589643310597922,40733638.37241035,562302.0088581363
2017-10-17,0.6579745706321692,64272767.35517782,655596.6795258281
2017-10-18,1.0381128550031633,47562924.41081469,20508202.0166938
2017-10-19,0.768157277845361,50513037.6692846,8905532.812019737
2017-10-20,0.8157421313884783,45670227.92102084,2786668.325059309
2017-10-21,0.7374764888520874,49682273.1235837,1276458.486246185
2017-10-22,0.802208936957315,48806890.86692037,1576429.092290218
2017-10-23,0.7880247048149338,52277531.1217145,907182.2967909612
2017-10-24,0.8440033349992666,47876859.34167268,2111058.4043916166
2017-10-25,0.7729013744416952,45750662.45105521,1265553.9967381563
2017-10-26,0.738529462896449,45365622.30113543,938561.122196401
2017-10-27,0.7322560608895438,45512544.836274505,891856.7834098946
2017-10-28,0.7345745561616458,48862533.97194807,513789.59273343824
2017-10-29,0.7885887533926331,63752652.16733503,1939928.959779656
2017-10-30,1.0288190015099212,53356133.55111716,4938516.20274667
2017-10-31,0.8609852542705028,51701241.80305077,5895699.427576148
2017-11-01,0.8342164892603623,46108096.70902356,1722431.5222559427
2017-11-02,0.7439172846808807,49240340.74728136,2014850.016320397
2017-11-03,0.7943962339568057,50338469.342975095,1336757.8329557397
2017-11-04,0.8120561408059616,49767691.47728654,889167.4609271163
2017-11-05,0.802792089049928,49079045.20045967,907167.9896994
2017-11-06,0.7916300622115855,49529965.5911061,954277.1657466004
2017-11-07,0.7988452491344281,57831569.17452685,667835.2357544289
2017-11-08,0.9326732553552805,58260220.28703231,2961840.228117463
2017-11-09,0.9395186932475212,49792109.67025608,1718525.849457066
2017-11-10,0.8029020781101462,47528630.56692711,1328787.1125209625
2017-11-11,0.766351133098471,42076331.81785226,913931.8203232615
2017-11-12,0.6783994616226579,49800805.45160332,1145501.8596835446
2017-11-13,0.802888194461717,51832788.746703,1548365.5957271208
2017-11-14,0.835590681040745,52655252.964564,213273.385682096
2017-11-15,0.84878615562303,49728887.4129682,1257926.45038203
2017-11-16,0.801553733975952,50517940.0948092,980718.061920371
2017-11-17,0.814221425985644,51480535.937829,1037402.33051083
2017-11-18,0.829692816327956,52169478.3501654,1025872.76944503
2017-11-19,0.840738863433223,49462190.6346843,1085160.79688952
2017-11-20,0.79705017855944,54481623.8378674,738767.81283589
2017-11-21,0.877866751949987,53216071.820863,1324622.2869127
2017-11-22,0.857409906036646,53877545.9862422,1453555.81558061
2017-11-23,0.868007782367103,53392909.0431139,761469.520441217
2017-11-24,0.860138763691335,57788685.2028766,591612.970504676
2017-11-25,0.930877783321879,71785108.4981609,787664.373222298
2017-11-26,1.15624372679188,74622296.3203669,13821756.3157498
2017-11-27,1.2018436042172,69722295.5788494,6716433.03562643
2017-11-28,1.12284165405121,58932199.5106982,2378674.66598924
2017-11-29,0.949005575907382,63045448.244982,3795228.62407149
2017-11-30,1.01516652750901,65912174.6729507,1497726.95374362
2017-12-01,1.06124636436012,66745234.4935458,1339439.89900132
2017-12-02,1.07458815852841,71040484.5962519,1379842.89902371
2017-12-03,1.14366430790601,86045839.7403946,2016809.43197036
2017-12-04,1.38513185596383,124030575.360099,7118154.5156549
2017-12-05,1.99645477377436,123722640.760046,17430129.3807756
2017-12-06,1.9913657620623,115863326.231797,16713061.7208976
2017-12-07,1.86470989814024,109587645.977586,4495230.58293216
2017-12-08,1.76357951565852,101689426.584374,7692601.34282104
2017-12-09,1.6363539322427,96246413.6346674,3180389.4402057
2017-12-10,1.54866666633414,127238353.647519,2848815.54384593
2017-12-11,2.04717429653367,134568196.907604,23631906.3405195
2017-12-12,2.16493511217229,133912508.081406,8173995.04383905
2017-12-13,2.15421354623136,142576987.457866,6926540.39742849
2017-12-14,2.29342470922918,144307454.71301,487954.545027886
2017-12-15,2.32108917302273,149922985.795191,6481797.13697151
2017-12-16,2.41123575196957,158678386.068876,5565851.83403031
2017-12-17,2.55186378281591,188914936.185671,7577744.56574262
2017-12-18,3.03791224073245,179293728.192345,16719247.6614125
2017-12-19,2.88296951990583,180295084.626818,19124608.024711
2017-12-20,2.89886424012013,179984699.074368,30638951.1056235
2017-12-21,2.89365351878676,130821217.990578,15846062.5437968
2017-12-22,2.10308364123982,160335861.307618,8358232.51850155
2017-12-23,2.57737896471113,153033638.08908,8908187.59308377
2017-12-24,2.45982095554129,197843504.193513,5348840.46888129
2017-12-25,3.17987255072684,223652745.507463,23383916.1954794
2017-12-26,3.59444079998884,292781137.989219,108913.4347953
2017-12-27,4.70509886212226,253344665.043151,40123090.0694042
2017-12-28,4.07107360453844,230917536.93178,11496265.0071794
2017-12-29,3.71045012266421,194030273.964987,8399452.37348964
2017-12-30,3.1175268688483,216764158.528897,4225916.78739374
2017-12-31,3.48256640762344,244570542.467334,6238162.74123625
2018-01-01,3.92906099036077,230154142.167054,9928932.52684313
2018-01-02,3.69718467814412,220986923.1205096,10241776.7219312
2018-01-03,3.549700484257748,248983699.270472,8519061.211571617
2018-01-04,3.9991524979325423,215218590.77938184,14734310.37437254
2018-01-05,3.4566044541147427,259443299.97090417,11212231.56510414
2018-01-06,4.166635282464362,269533802.14825225,11480548.3154006
2018-01-07,4.328409406547394,258218571.22715652,28856385.23916296
2018-01-08,4.146430991837604,250690329.335345,12732662.012574367
2018-01-09,4.025273871852125,229882938.6656308,8398686.89346918
2018-01-10,3.6909653180798303,245379595.73032248,5430266.403111162
2018-01-11,3.939528439536415,306798347.43575925,11773785.9662062
2018-01-12,4.925300107966423,277392053.4648402,14658786.939055055
2018-01-13,4.452914322717054,273770063.17629695,11115015.679464446
2018-01-14,4.394498647826336,264541503.31758147,9434677.730272133
2018-01-15,4.2460655871931765,200580515.75557867,11159149.746349942
2018-01-16,3.219256719151191,188618657.8743468,10809548.069078242
2018-01-17,3.027092168155297,192180952.4892047,5339522.0095454585
2018-01-18,3.0840544868943773,201033946.311876,4419580.480922899
2018-01-19,3.2258812672401214,219684221.19388932,3070175.326991609
2018-01-20,3.524894509416242,187997881.3241233,3601727.532698182
2018-01-21,3.016253849824119,171925587.51687804,2600724.104836074
2018-01-22,2.7581996099770367,172045709.9015054,2490582.729874101
2018-01-23,2.759920221983415,183097580.25889704,3894181.174408782
2018-01-24,2.937012461260471,168757180.10250673,2778751.773349788
2018-01-25,2.7067774953466937,165933883.07413173,2457175.6929756124
2018-01-26,2.661291374275862,177386075.52296552,3259981.0426046187
2018-01-27,2.844816646283343,173767641.5504691,3431654.9968213327
2018-01-28,2.786536232975056,162807675.60868424,1709646.0808558296
2018-01-29,2.610597245681718,165251176.85375786,1974881.7633204444
2018-01-30,2.649783104230274,143421032.1700568,1981259.6732747625
2018-01-31,2.29960295288663,132517154.02733745,2019767.1742640256
2018-02-01,2.1245923840182432,114254644.0656036,2115184.492516506
2018-02-02,1.831659668952052,107312016.70785517,2367444.516528702
2018-02-03,1.720233103922283,113927480.69320194,2113599.702783534
2018-02-04,1.82615686851976,100530941.7892974,1238218.2396222642
2018-02-05,1.6113153345229898,71614169.66430731,871235.6985146205
2018-02-06,1.1477615651650095,85446075.43765497,1644447.424642312
2018-02-07,1.3693525345780997,86900295.69451268,3028849.3289421573
2018-02-08,1.3925653017481263,91692747.24313644,1557286.636431636
2018-02-09,1.4692638497705892,102069341.28010257,268229.92355894233
2018-02-10,1.6354343678119725,97716419.35724084,686621.1121019403
2018-02-11,1.56559304348198,113985637.63544692,822103.3493634694
2018-02-12,1.826142668285221,116276655.74698192,15332924.797418296
2018-02-13,1.862730913619568,112254560.05412406,6606455.794765498
2018-02-14,1.7981761076414826,122474654.60268568,2058164.8966972288
2018-02-15,1.9617600684295504,126536118.04673584,1312519.830571845
2018-02-16,2.0266834020274063,128094548.58156931,1061985.2507779358
2018-02-17,2.051503687779967,131823295.12620354,962281.0678110986
2018-02-18,2.111037900001272,122661690.79522766,1161561.576606833
2018-02-19,1.964126425024497,129469599.71297348,698922.1570177109
2018-02-20,2.0729502660271475,119894392.12639536,1245566.121234434
2018-02-21,1.9194649012611709,105447731.86622263,1173199.4624069792
2018-02-22,1.68787558826767,106126902.3086553,1471061.27763529
2018-02-23,1.6987497827264793,113988188.80659232,1476297.7193424716
2018-02-24,1.8244435627864688,106381446.28044626,1173153.0691008936
2018-02-25,1.7025717972103274,107805869.15974128,669449.997058526
2018-02-26,1.725238181285412,109646864.58587696,506900.8091822116
